Company Name,Company URL,Location
Acme Corporation,https://www.acmecorp.com,San Francisco
TechSolutions Inc,https://www.techsolutions.io,New York
DataFlow Systems,https://www.dataflow.net,Boston
CloudNine Technologies,https://www.cloudnine.tech,Seattle
Quantum Innovations,https://www.quantuminnovate.com,Austin
Digital Dynamics,https://www.digitaldynamics.org,Chicago
EcoSmart Solutions,https://www.ecosmart.co,Portland
Global Connect Partners,https://www.globalconnect.biz,Miami
Infinite Systems,https://www.infinitesys.com,Denver
NextGen Enterprises,https://www.nextgenent.com,Los Angeles
BrightIdea Consulting,https://www.brightidea.co,Atlanta
Fusion Technologies,https://www.fusiontech.net,Dallas
Strategic Solutions Group,https://www.strategicsolutions.com,Washington DC
Pinnacle Performance,https://www.pinnacleperf.org,Phoenix
Horizon Innovations,https://www.horizoninnovate.com,San Diego
